{"cameraMode":{"drawMode":0,"name":"Shaded","section":"Shading Mode"},"sceneLighting":true,"audioPlay":false,"sceneViewState":{"m_AlwaysRefresh":false,"showFog":true,"showSkybox":true,"showFlares":true,"showImageEffects":true,"showParticleSystems":true,"showVisualEffectGraphs":true,"m_FxEnabled":true},"in2DMode":false,"pivot":{"x":0.0006201267242431641,"y":0.11753925681114197,"z":-0.0002276897430419922},"rotation":{"x":0.19268643856048585,"y":0.17503291368484498,"z":-0.03496721386909485,"w":0.9649208188056946},"size":2.1693596839904787,"orthographic":true}