{"cameraMode":{"drawMode":0,"name":"Shaded","section":"Shading Mode"},"sceneLighting":true,"audioPlay":false,"sceneViewState":{"m_AlwaysRefresh":false,"showFog":true,"showSkybox":true,"showFlares":true,"showImageEffects":true,"showParticleSystems":true,"showVisualEffectGraphs":true,"m_FxEnabled":true},"in2DMode":false,"pivot":{"x":-1.3484382629394532,"y":1.0847163200378419,"z":-1.4187088012695313},"rotation":{"x":0.21636150777339936,"y":0.26106345653533938,"z":-0.060167983174324039,"w":0.938853919506073},"size":3.467851400375366,"orthographic":true}