{"cameraMode":{"drawMode":0,"name":"Shaded","section":"Shading Mode"},"sceneLighting":true,"audioPlay":false,"sceneViewState":{"m_AlwaysRefresh":false,"showFog":true,"showSkybox":true,"showFlares":true,"showImageEffects":true,"showParticleSystems":true,"showVisualEffectGraphs":true,"m_FxEnabled":true},"in2DMode":false,"pivot":{"x":-2.5102360248565676,"y":-7.514375686645508,"z":29.42036247253418},"rotation":{"x":0.19802194833755494,"y":-0.039095062762498859,"z":0.007905039936304093,"w":0.9793902635574341},"size":25.453413009643556,"orthographic":false}