{"cameraMode":{"drawMode":0,"name":"Shaded","section":"Shading Mode"},"sceneLighting":true,"audioPlay":false,"sceneViewState":{"m_AlwaysRefresh":false,"showFog":true,"showSkybox":true,"showFlares":true,"showImageEffects":true,"showParticleSystems":true,"showVisualEffectGraphs":true,"m_FxEnabled":true},"in2DMode":false,"pivot":{"x":-31.883441925048829,"y":2.5992982387542726,"z":-6.2012529373168949},"rotation":{"x":0.023879067972302438,"y":-0.7477540969848633,"z":0.026929810643196107,"w":0.6630085706710815},"size":22.781295776367189,"orthographic":false}