{"cameraMode":{"drawMode":0,"name":"Shaded","section":"Shading Mode"},"sceneLighting":true,"audioPlay":false,"sceneViewState":{"m_AlwaysRefresh":false,"showFog":true,"showSkybox":true,"showFlares":true,"showImageEffects":true,"showParticleSystems":true,"showVisualEffectGraphs":true,"m_FxEnabled":true},"in2DMode":false,"pivot":{"x":0.017622709274291993,"y":1.256319284439087,"z":0.7486180067062378},"rotation":{"x":0.003933544736355543,"y":0.956043004989624,"z":-0.2932342290878296,"w":0.013423053547739983},"size":5.375943660736084,"orthographic":true}