{"cameraMode":{"drawMode":0,"name":"Shaded","section":"Shading Mode"},"sceneLighting":true,"audioPlay":false,"sceneViewState":{"m_AlwaysRefresh":false,"showFog":true,"showSkybox":true,"showFlares":true,"showImageEffects":true,"showParticleSystems":true,"showVisualEffectGraphs":true,"m_FxEnabled":true},"in2DMode":false,"pivot":{"x":0.26101744174957278,"y":-1.3391523361206055,"z":1.5714167356491089},"rotation":{"x":-0.18448381125926972,"y":-0.579092264175415,"z":0.13658373057842256,"w":-0.7823103070259094},"size":5.386840343475342,"orthographic":true}