{"cameraMode":{"drawMode":0,"name":"Shaded","section":"Shading Mode"},"sceneLighting":true,"audioPlay":false,"sceneViewState":{"m_AlwaysRefresh":false,"showFog":true,"showSkybox":true,"showFlares":true,"showImageEffects":true,"showParticleSystems":true,"showVisualEffectGraphs":true,"m_FxEnabled":true},"in2DMode":false,"pivot":{"x":1648.6463623046875,"y":813.2952880859375,"z":-111.91510009765625},"rotation":{"x":-0.33244118094444277,"y":0.02375662885606289,"z":-0.008378086611628533,"w":-0.9427955150604248},"size":560.3677978515625,"orthographic":true}