{"cameraMode":{"drawMode":0,"name":"Shaded","section":"Shading Mode"},"sceneLighting":true,"audioPlay":false,"sceneViewState":{"m_AlwaysRefresh":false,"showFog":true,"showSkybox":true,"showFlares":true,"showImageEffects":true,"showParticleSystems":true,"showVisualEffectGraphs":true,"m_FxEnabled":true},"in2DMode":false,"pivot":{"x":2.432201862335205,"y":0.9788239002227783,"z":-0.9597700238227844},"rotation":{"x":0.13282574713230134,"y":0.46934738755226138,"z":-0.07165882736444473,"w":0.8700331449508667},"size":4.809484004974365,"orthographic":true}