{"cameraMode":{"drawMode":0,"name":"Shaded","section":"Shading Mode"},"sceneLighting":true,"audioPlay":false,"sceneViewState":{"m_AlwaysRefresh":false,"showFog":true,"showSkybox":true,"showFlares":true,"showImageEffects":true,"showParticleSystems":true,"showVisualEffectGraphs":true,"m_FxEnabled":true},"in2DMode":false,"pivot":{"x":0.6478252410888672,"y":0.44916391372680666,"z":-0.16945910453796388},"rotation":{"x":0.09114794433116913,"y":0.8763853311538696,"z":-0.18323183059692384,"w":0.4360235333442688},"size":1.0018585920333863,"orthographic":true}