{"cameraMode":{"drawMode":0,"name":"Shaded","section":"Shading Mode"},"sceneLighting":true,"audioPlay":false,"sceneViewState":{"m_AlwaysRefresh":false,"showFog":true,"showSkybox":true,"showFlares":true,"showImageEffects":true,"showParticleSystems":true,"showVisualEffectGraphs":true,"m_FxEnabled":true},"in2DMode":false,"pivot":{"x":-0.506190299987793,"y":4.405211925506592,"z":-1.689405918121338},"rotation":{"x":0.23272313177585603,"y":0.14554759860038758,"z":-0.03524662181735039,"w":0.9609670639038086},"size":6.3022871017456059,"orthographic":true}