{"cameraMode":{"drawMode":0,"name":"Shaded","section":"Shading Mode"},"sceneLighting":true,"audioPlay":false,"sceneViewState":{"m_AlwaysRefresh":false,"showFog":true,"showSkybox":true,"showFlares":true,"showImageEffects":true,"showParticleSystems":true,"showVisualEffectGraphs":true,"m_FxEnabled":true},"in2DMode":false,"pivot":{"x":0.448050856590271,"y":-0.12134706974029541,"z":-0.45353198051452639},"rotation":{"x":-0.008928005583584309,"y":0.965939462184906,"z":-0.2564430832862854,"w":-0.03363528102636337},"size":1.5070209503173829,"orthographic":false}