{"cameraMode":{"drawMode":0,"name":"Shaded","section":"Shading Mode"},"sceneLighting":true,"audioPlay":false,"sceneViewState":{"m_AlwaysRefresh":false,"showFog":true,"showSkybox":true,"showFlares":true,"showImageEffects":true,"showParticleSystems":true,"showVisualEffectGraphs":true,"m_FxEnabled":true},"in2DMode":false,"pivot":{"x":33.279903411865237,"y":20.111286163330079,"z":53.84197998046875},"rotation":{"x":-0.3044203519821167,"y":0.4544288218021393,"z":-0.16876943409442902,"w":-0.8200156688690186},"size":60.931907653808597,"orthographic":true}