{"cameraMode":{"drawMode":0,"name":"Shaded","section":"Shading Mode"},"sceneLighting":true,"audioPlay":false,"sceneViewState":{"m_AlwaysRefresh":false,"showFog":true,"showSkybox":true,"showFlares":true,"showImageEffects":true,"showParticleSystems":true,"showVisualEffectGraphs":true,"m_FxEnabled":true},"in2DMode":false,"pivot":{"x":0.0001806020736694336,"y":-9.623321533203125,"z":12.092211723327637},"rotation":{"x":-0.2874937057495117,"y":0.003982233814895153,"z":-0.0011460570385679603,"w":-0.9578080773353577},"size":3.7310402393341066,"orthographic":true}