{"cameraMode":{"drawMode":0,"name":"Shaded","section":"Shading Mode"},"sceneLighting":true,"audioPlay":false,"sceneViewState":{"m_AlwaysRefresh":false,"showFog":true,"showSkybox":true,"showFlares":true,"showImageEffects":true,"showParticleSystems":true,"showVisualEffectGraphs":true,"m_FxEnabled":true},"in2DMode":false,"pivot":{"x":1.330103874206543,"y":0.7278861999511719,"z":-0.38765668869018557},"rotation":{"x":-0.2338392585515976,"y":-0.25946658849716189,"z":0.06493710726499558,"w":-0.9348903298377991},"size":3.8367466926574709,"orthographic":true}