{"cameraMode":{"drawMode":0,"name":"Shaded","section":"Shading Mode"},"sceneLighting":true,"audioPlay":false,"sceneViewState":{"m_AlwaysRefresh":false,"showFog":true,"showSkybox":true,"showFlares":true,"showImageEffects":true,"showParticleSystems":true,"showVisualEffectGraphs":true,"m_FxEnabled":true},"in2DMode":false,"pivot":{"x":0.0299910306930542,"y":-0.10071232914924622,"z":-0.013131141662597657},"rotation":{"x":0.19268643856048585,"y":0.17503291368484498,"z":-0.03496721386909485,"w":0.9649208188056946},"size":1.5207536220550538,"orthographic":true}