{"cameraMode":{"drawMode":0,"name":"Shaded","section":"Shading Mode"},"sceneLighting":true,"audioPlay":false,"sceneViewState":{"m_AlwaysRefresh":false,"showFog":true,"showSkybox":true,"showFlares":true,"showImageEffects":true,"showParticleSystems":true,"showVisualEffectGraphs":true,"m_FxEnabled":true},"in2DMode":false,"pivot":{"x":-1.0953574180603028,"y":2.9063901901245119,"z":-1.4734430313110352},"rotation":{"x":0.2268962860107422,"y":0.28957220911979678,"z":-0.07086827605962753,"w":0.9271870851516724},"size":1.714746117591858,"orthographic":true}