{"cameraMode":{"drawMode":0,"name":"Shaded","section":"Shading Mode"},"sceneLighting":true,"audioPlay":false,"sceneViewState":{"m_AlwaysRefresh":false,"showFog":true,"showSkybox":true,"showFlares":true,"showImageEffects":true,"showParticleSystems":true,"showVisualEffectGraphs":true,"m_FxEnabled":true},"in2DMode":false,"pivot":{"x":0.5562744736671448,"y":-0.42758893966674807,"z":-0.633929967880249},"rotation":{"x":0.2811395227909088,"y":0.47264957427978518,"z":-0.16231271624565125,"w":0.819343626499176},"size":2.8182027339935304,"orthographic":true}