{"cameraMode":{"drawMode":0,"name":"Shaded","section":"Shading Mode"},"sceneLighting":true,"audioPlay":false,"sceneViewState":{"m_AlwaysRefresh":false,"showFog":true,"showSkybox":true,"showFlares":true,"showImageEffects":true,"showParticleSystems":true,"showVisualEffectGraphs":true,"m_FxEnabled":true},"in2DMode":false,"pivot":{"x":0.261394739151001,"y":1.6107125282287598,"z":-0.19609403610229493},"rotation":{"x":0.02036716230213642,"y":-0.9498926401138306,"z":0.0633595809340477,"w":0.3054429888725281},"size":4.799016952514648,"orthographic":true}