{"cameraMode":{"drawMode":0,"name":"Shaded","section":"Shading Mode"},"sceneLighting":true,"audioPlay":false,"sceneViewState":{"m_AlwaysRefresh":false,"showFog":true,"showSkybox":true,"showFlares":true,"showImageEffects":true,"showParticleSystems":true,"showVisualEffectGraphs":true,"m_FxEnabled":true},"in2DMode":false,"pivot":{"x":0.6811575889587402,"y":-1.321488857269287,"z":0.41389012336730959},"rotation":{"x":0.10092451423406601,"y":0.8786426782608032,"z":-0.21360886096954347,"w":0.4149974584579468},"size":9.37972640991211,"orthographic":true}