{"cameraMode":{"drawMode":0,"name":"Shaded","section":"Shading Mode"},"sceneLighting":false,"audioPlay":false,"sceneViewState":{"m_AlwaysRefresh":false,"showFog":true,"showSkybox":false,"showFlares":true,"showImageEffects":true,"showParticleSystems":true,"showVisualEffectGraphs":true,"m_FxEnabled":true},"in2DMode":false,"pivot":{"x":-30.968177795410158,"y":7.221557140350342,"z":0.6354113817214966},"rotation":{"x":0.07075007259845734,"y":-0.00804054457694292,"z":0.0005472704651765525,"w":0.9974818825721741},"size":0.31900981068611147,"orthographic":false}