{"cameraMode":{"drawMode":0,"name":"Shaded","section":"Shading Mode"},"sceneLighting":false,"audioPlay":false,"sceneViewState":{"m_AlwaysRefresh":false,"showFog":true,"showSkybox":false,"showFlares":true,"showImageEffects":true,"showParticleSystems":true,"showVisualEffectGraphs":true,"m_FxEnabled":true},"in2DMode":false,"pivot":{"x":-4.320112705230713,"y":4.289968490600586,"z":-1.5398082733154297},"rotation":{"x":-0.3873535394668579,"y":-0.014660298824310303,"z":0.006159444805234671,"w":-0.9218019843101502},"size":18.248212814331056,"orthographic":false}