{"cameraMode":{"drawMode":0,"name":"Shaded","section":"Shading Mode"},"sceneLighting":false,"audioPlay":false,"sceneViewState":{"m_AlwaysRefresh":false,"showFog":true,"showSkybox":false,"showFlares":true,"showImageEffects":true,"showParticleSystems":true,"showVisualEffectGraphs":true,"m_FxEnabled":true},"in2DMode":false,"pivot":{"x":-0.360956609249115,"y":0.13472676277160645,"z":1.8666138648986817},"rotation":{"x":0.14972206950187684,"y":0.01810416765511036,"z":-0.0027455545496195556,"w":0.9885786175727844},"size":1.7905648946762086,"orthographic":false}