{"cameraMode":{"drawMode":0,"name":"Shaded","section":"Shading Mode"},"sceneLighting":false,"audioPlay":false,"sceneViewState":{"m_AlwaysRefresh":false,"showFog":true,"showSkybox":false,"showFlares":true,"showImageEffects":true,"showParticleSystems":true,"showVisualEffectGraphs":true,"m_FxEnabled":true},"in2DMode":false,"pivot":{"x":-0.30572980642318728,"y":1.6237879991531373,"z":-0.3791126012802124},"rotation":{"x":-0.023162316530942918,"y":-0.9390674829483032,"z":-0.06461111456155777,"w":0.33686354756355288},"size":1.3967978954315186,"orthographic":false}