{"cameraMode":{"drawMode":0,"name":"Shaded","section":"Shading Mode"},"sceneLighting":true,"audioPlay":false,"sceneViewState":{"m_AlwaysRefresh":false,"showFog":true,"showSkybox":true,"showFlares":true,"showImageEffects":true,"showParticleSystems":true,"showVisualEffectGraphs":true,"m_FxEnabled":true},"in2DMode":false,"pivot":{"x":-2.396493434906006,"y":0.7861049175262451,"z":-3.080259323120117},"rotation":{"x":-0.0040732258930802349,"y":0.9865493774414063,"z":-0.16154742240905763,"w":-0.0248650424182415},"size":5.188033580780029,"orthographic":false}