{"cameraMode":{"drawMode":0,"name":"Shaded","section":"Shading Mode"},"sceneLighting":true,"audioPlay":false,"sceneViewState":{"m_AlwaysRefresh":false,"showFog":true,"showSkybox":true,"showFlares":true,"showImageEffects":true,"showParticleSystems":true,"showVisualEffectGraphs":true,"m_FxEnabled":true},"in2DMode":false,"pivot":{"x":-1.0863171815872193,"y":1.7925857305526734,"z":92.02850341796875},"rotation":{"x":-0.06365497410297394,"y":-0.18395844101905824,"z":0.011938254348933697,"w":-0.980811357498169},"size":4.574215888977051,"orthographic":false}