{"cameraMode":{"drawMode":0,"name":"Shaded","section":"Shading Mode"},"sceneLighting":true,"audioPlay":false,"sceneViewState":{"m_AlwaysRefresh":false,"showFog":true,"showSkybox":true,"showFlares":true,"showImageEffects":true,"showParticleSystems":true,"showVisualEffectGraphs":true,"m_FxEnabled":true},"in2DMode":false,"pivot":{"x":0.012452125549316407,"y":3.382455825805664,"z":-2.1545698642730715},"rotation":{"x":-0.04531022533774376,"y":0.8127208948135376,"z":-0.06377224624156952,"w":-0.5773895382881165},"size":4.82909631729126,"orthographic":false}