{"cameraMode":{"drawMode":0,"name":"Shaded","section":"Shading Mode"},"sceneLighting":false,"audioPlay":false,"sceneViewState":{"m_AlwaysRefresh":false,"showFog":true,"showSkybox":false,"showFlares":true,"showImageEffects":true,"showParticleSystems":true,"showVisualEffectGraphs":true,"m_FxEnabled":true},"in2DMode":false,"pivot":{"x":0.39320796728134158,"y":1.3700528144836426,"z":1.7886370420455933},"rotation":{"x":0.1078612357378006,"y":0.0658738985657692,"z":-0.007172728423029184,"w":0.9919689297676086},"size":1.993152379989624,"orthographic":false}