{"cameraMode":{"drawMode":0,"name":"Shaded","section":"Shading Mode"},"sceneLighting":false,"audioPlay":false,"sceneViewState":{"m_AlwaysRefresh":false,"showFog":true,"showSkybox":false,"showFlares":true,"showImageEffects":true,"showParticleSystems":true,"showVisualEffectGraphs":true,"m_FxEnabled":true},"in2DMode":false,"pivot":{"x":0.47810035943984988,"y":-0.4861944913864136,"z":-0.017805159091949464},"rotation":{"x":-0.19364210963249207,"y":-0.7811046242713928,"z":0.29294902086257937,"w":-0.5163196921348572},"size":2.1947672367095949,"orthographic":false}