{"cameraMode":{"drawMode":0,"name":"Shaded","section":"Shading Mode"},"sceneLighting":false,"audioPlay":false,"sceneViewState":{"m_AlwaysRefresh":false,"showFog":true,"showSkybox":false,"showFlares":true,"showImageEffects":true,"showParticleSystems":true,"showVisualEffectGraphs":true,"m_FxEnabled":true},"in2DMode":false,"pivot":{"x":0.04020249843597412,"y":0.8822066783905029,"z":0.1790221929550171},"rotation":{"x":0.11940024048089981,"y":-0.8443027138710022,"z":0.2109239399433136,"w":0.4779452085494995},"size":1.3468235731124879,"orthographic":false}